{
  "articles": [
    {
      "title": "CSS 중앙 정렬하기",
      "summary": "여러가지 테스트를 통해 5가지 중앙 정렬 방법 중 어떤 것이 가장 변화에 탄력적으로 대응하는지 확인해보자.",
      "link": "https://ui.toast.com/weekly-pick/ko_20201222"
    },
    {
      "title": "LCP(Largest Contentful Paint) 최적화하기",
      "summary": "Largest Contentful Paint(LCP)는 Core Web Vitals의 지표이며 뷰포트에서 가장 큰 콘텐츠 엘리먼트가 나타날 때 측정한다. 페이지의 주요 내용이 화면에 렌더링이 완료되는 시기를 결정하는데 사용된다.",
      "link": "https://ui.toast.com/weekly-pick/ko_202012101720"
    },
    {
      "title": "useEffect를 테스트 하는 방법",
      "summary": "React.useEffect 코드를 사용하다 보면 도대체 이것들을 어떻게 테스트해야 할까 하는 궁금증이 생길 수 있다. 그리고 꽤 자주 묻곤 하는 질문이기도 하다. 이에 대한 대답은 다소 황당할 수 있겠지만 당연한 내용이다. 무언가 테스트를 할 때는 아래와 같은 의식의 흐름으로 진행한다.",
      "link": "https://ui.toast.com/weekly-pick/ko_20201126"
    },
    {
      "title": "Async Cookie Store API 살펴보기",
      "summary": "document.cookie를 통해 쿠키를 가져오는 이상한 방법에 지쳤는가? 쿠키가 실제로 저장되었는지 여부를 알 수 없는 것이 싫었는가? 그렇다면, 크롬 87버전부터 사용 가능한 새로운 Cookie Store API에 대해 살펴볼 필요가 있다.",
      "link": "https://ui.toast.com/weekly-pick/ko_20201027"
    }
  ]
}
